published_at,report_generated_at,captured_at,company,presence_handle,message,post_link,link,link_title,link_description,image,post_type,posted_domain,posted_url,engagement_total,likes,comments,followers,engagement_rate_by_follower,engagement_rate_lift,estimated_impressions,engagement_rate_by_estimated_impression,post_tag_ugc,post_tag_contests
08/11/2024 09:12,02/09/2025 08:09,02/09/2025 08:04,eufy Baby,eufybaby,"ğŸš¨ GIVEAWAY ğŸš¨ Weâ€™re excited to give away a eufy Wearable Breast Pump S1 Pro! ğŸ‰ To enter, simply follow our eufybaby account and comment below with your favorite thing about being a mom or something you've learned since becoming a mother. Donâ€™t forget to tag a friend who deserves this amazing prize too! The lucky winner will be chosen at random and announced on December 11th. Good luck, and we canâ€™t wait to hear your beautiful stories! ğŸ’– #eufyBaby #MomLife",https://www.instagram.com/p/DCHW41kKX5r/,,,,https://d1cdkkfhgor70g.cloudfront.net/DCHW41kKX5r?postNativeId=18036213728196838,photo,,,1014,365,649,17104,0.059284377923292796,26.272637213608842,51083,0.019850047961161247,0,1
23/05/2025 16:45,02/09/2025 08:09,02/09/2025 08:04,eufy Baby,eufybaby,Itâ€™s the little things he can do to help make being a mom less stressful ğŸ¥¹ #newmom #momlife #eufybaby #breastfeeding #firsttimemom #breastmilk #momadvice,https://www.instagram.com/reel/DKA2ZHeSW4i/,,,,https://d1cdkkfhgor70g.cloudfront.net/DKA2ZHeSW4i?postNativeId=17886333690291183,reel,,,346,340,6,17104,0.020229186155285312,8.962144678563467,8022,0.043131389,0,0
29/04/2025 12:38,02/09/2025 08:09,02/09/2025 08:04,eufy Baby,eufybaby,"ğŸš¨ GIVEAWAY ğŸš¨Â Itâ€™s time for our #Donâ€™tBreakYourFlow Giveaway, where weâ€™ll be giving you over $1000 worth of cash and prizes! ğŸ‰ Motherhood doesnâ€™t pause â€” and neither should you. Weâ€™re celebrating moms who keep it moving with a special giveaway to make life easier and more magical. In celebration of Motherâ€™s Day, weâ€™re excited to give moms the gifts they truly need to keep their flow going â€” a Eufy S1 Heated Portable Breast Pump, a $300 Disneyland Gift Card, a $200 DoorDash Gift Card, and 3 IBCLC lessons with expert Jessica Anderson! (Note: No sponsorship or partnership with these brands.) Entering is easy: 1ï¸âƒ£Post a photo or video of your pumping set up, tag us in your post, and use #Donâ€™tBreakYourFlow 2ï¸âƒ£Follow the eufybaby on Instagram or TikTok 3ï¸âƒ£Bonus entry: Share this post to your IG story and tag us eufybaby 4ï¸âƒ£Wait till May 11th for the official announcement! #giveaway #eufyBaby #MomLife #newmoms #Donâ€™tBreakYourFlow #mothersdaygift #mothersday #breastfeeding #firsttimemom #breastfeedingjourney",https://www.instagram.com/p/DJCnSFezZVT/,,,,https://d1cdkkfhgor70g.cloudfront.net/DJCnSFezZVT?postNativeId=18016140401513008,carousel,,,230,178,52,17104,0.013447146866230122,5.9571857346519455,6941,0.033136436,0,1
09/05/2024 07:42,02/09/2025 08:09,02/09/2025 08:04,eufy Baby,eufybaby,"Introducing the eufy Wearable Breast Pump: For moms seeking top-tier efficiency, comfort, and convenience. âœ¨ Experience the Worldâ€™s First Wearable Breast Pump with Heating Technology, offering safety, durability, and enhanced comfort. â˜ºï¸ With its Industry-Leading Charging Case, pump anytime, anywhere. ğŸ™Œ Pump Warm for a Better Flow ğŸ”— Click the link in our bio to learn more",https://www.instagram.com/reel/C6v-jqyt7Pi/,,,,https://d1cdkkfhgor70g.cloudfront.net/C6v-jqyt7Pi?postNativeId=18352337812096060,reel,,,223,191,32,17104,0.013037885874649205,5.775861987,6036,0.036944997,0,0
18/02/2025 17:12,02/09/2025 08:09,02/09/2025 08:04,eufy Baby,eufybaby,Double the wins for eufy Baby! ğŸ†ğŸ‰ Proud to be a Parents' Picks Awards 2025 winner for Best Baby & Toddler Products! ğŸ”— Learn more via the link in bio,https://www.instagram.com/p/DGO26jboDbD/,,,,https://d1cdkkfhgor70g.cloudfront.net/DGO26jboDbD?postNativeId=18059573245965997,carousel,,,206,174,32,17104,0.012043966323666978,5.335509044844053,5323,0.038699981,0,0
26/02/2025 09:04,02/09/2025 08:09,02/09/2025 08:04,eufy Baby,eufybaby,"Traveling made easier with eufy Babyâ€”comfort, convenience, and peace of mind wherever you go! âœˆï¸ğŸ‘¶ ğŸ‘‰ https://eufyofficial.com/Pumpbf",https://www.instagram.com/reel/DGilXEtB6dC/,,,,https://d1cdkkfhgor70g.cloudfront.net/DGilXEtB6dC?postNativeId=18038699639422243,reel,,,174,145,29,17104,0.010173058933582788,4.506627565506347,5290,0.03289225,0,0
24/02/2025 16:30,02/09/2025 08:09,02/09/2025 08:04,eufy Baby,eufybaby,"The worldâ€™s first heated wearable breast pump! ğŸ”¥ğŸ¤± Comfort, convenience, and innovationâ€”only with eufy Wearable Breast Pump. ğŸ”— Link in bio",https://www.instagram.com/p/DGeO2TFuNWO/,,,,https://d1cdkkfhgor70g.cloudfront.net/DGeO2TFuNWO?postNativeId=18022589501422702,photo,,,165,135,30,17104,0.009646866,4.273508926946459,4523,0.036480212,0,0
04/03/2025 17:50,02/09/2025 08:09,02/09/2025 08:04,eufy Baby,eufybaby,"How much milk can I pump while getting ready? Morning multitasking, Mom style! ğŸ¼ ğŸ”— Link in bio",https://www.instagram.com/reel/DGy-VHPMASY/,,,,https://d1cdkkfhgor70g.cloudfront.net/DGy-VHPMASY?postNativeId=17898380472149258,reel,,,162,128,34,17104,0.009471469,4.195803131402393,4985,0.032497492,0,0
10/06/2025 17:18,02/09/2025 08:09,02/09/2025 08:04,eufy Baby,eufybaby,"ğŸ‰ Win a FREE eufy Breast Pump E20! Weâ€™re going LIVE with Kaylee Rabaja, BSN, RN, IBCLC to answer your biggest breastfeeding questions â€” from latching tips to boosting milk supply! ğŸ¼ğŸ’¬ ğŸ—“ï¸ Tuesday, June 17th @ 7 PM (CT) ğŸ¥ Donâ€™t miss your chance to learn from a certified expert AND enter to win a top-rated eufy breast pump! ğŸ‘‡ Comment below and tell us â€” What are you most curious about when it comes to breastfeeding or pumping? Your question might be answered live! ğŸ’¡ LINK IN BIO",https://www.instagram.com/p/DKvQrGBSoRQ/,,,,https://d1cdkkfhgor70g.cloudfront.net/DKvQrGBSoRQ?postNativeId=17885441901181845,photo,,,148,119,29,17104,0.008652947,3.8331788443756736,4197,0.035263283,1,1
23/04/2025 13:38,02/09/2025 08:09,02/09/2025 08:04,eufy Baby,eufybaby,"Motherhood is beautiful, but it can feel like the hardest thing youâ€™ve ever done. The sleepless nights, the constant givingâ€”itâ€™s easy to forget yourself. But even small changes, like a portable breast pump, can give a piece of you back. You donâ€™t have to lose yourself in the process. Find your balance. You matter too. â¤ï¸ #momlife #breastfeeding #breastfeedingtips #firsttimemom #eufybaby #breastfeedingjourney #breastmilk #newmom #newmoms",https://www.instagram.com/reel/DIzRBNezOz0/,,,,https://d1cdkkfhgor70g.cloudfront.net/DIzRBNezOz0?postNativeId=18184771108315281,reel,,,146,124,22,17104,0.008536015,3.7813757457344974,4688,0.031143345,0,0
20/02/2025 17:11,02/09/2025 08:09,02/09/2025 08:04,eufy Baby,eufybaby,Moments like this are everything ğŸ’•,https://www.instagram.com/reel/DGUAXiCMUxf/,,,,https://d1cdkkfhgor70g.cloudfront.net/DGUAXiCMUxf?postNativeId=18072477622701105,reel,,,146,126,20,17104,0.008536015,3.7813757457344974,4553,0.032066769,0,0
03/05/2025 03:30,02/09/2025 08:09,02/09/2025 08:04,eufy Baby,eufybaby,"Revolutionizing breastfeedingâ€”introducing the heated wearable breast pump! eufy unveiled the first-ever heated wearable breast pump, designed for moms who need convenience, comfort, and flexibility while pumping. â­ï¸ğŸ¼",https://www.instagram.com/reel/DJL7r5ANnEW/,,,,https://d1cdkkfhgor70g.cloudfront.net/DJL7r5ANnEW?postNativeId=18400783639102089,reel,,,145,122,23,17104,0.008477549,3.755474231188712,4526,0.032037118868758284,0,0
24/06/2025 19:17,02/09/2025 08:09,02/09/2025 08:04,eufy Baby,eufybaby,Silent sacrifices we make being a mother â¤ï¸ #firsttimemom #postpartum #breastpumps #momlife #breastfeeding #firsttimemommy,https://www.instagram.com/reel/DLTg1auvGEQ/,,,,https://d1cdkkfhgor70g.cloudfront.net/DLTg1auvGEQ?postNativeId=18115324858494707,reel,,,142,138,4,17104,0.008302152,3.6777698266502026,4521,0.031408980314089806,0,0
12/06/2024 05:30,02/09/2025 08:09,02/09/2025 08:04,eufy Baby,eufybaby,A very special moment between mother and baby ğŸ’,https://www.instagram.com/reel/C8HSxh4NhKY/,,,,https://d1cdkkfhgor70g.cloudfront.net/C8HSxh4NhKY?postNativeId=18106200721402553,reel,,,135,134,1,17104,0.007892891,3.4964603607996065,4453,0.030316640467100833,0,0
20/06/2025 22:43,02/09/2025 08:09,02/09/2025 08:04,eufy Baby,eufybaby,What I eat in a day as an oversupplier! #firsttimemom #momadvice #breastpumping #postpartum #pumpingmom,https://www.instagram.com/reel/DLJltnbsf-l/,,,,https://d1cdkkfhgor70g.cloudfront.net/DLJltnbsf-l?postNativeId=18526612786042144,reel,,,134,130,4,17104,0.007834425,3.4705591012668857,4411,0.030378598957152572,0,0
31/01/2025 07:49,02/09/2025 08:09,02/09/2025 08:04,eufy Baby,eufybaby,Wrap up January on a warm note! â˜€ï¸ğŸ¼ Get $70 OFF the eufy S1 Pro now! ğŸ”¥ ğŸ”— Link in bio #eufypump #eufybreastpump #eufyheatedpump,https://www.instagram.com/p/DFfgPybuw_z/,,,,https://d1cdkkfhgor70g.cloudfront.net/DFfgPybuw_z?postNativeId=18311542129206956,photo,,,109,87,22,17104,0.006372778,2.823035147284104,3205,0.034009360374414974,0,0
27/11/2024 14:50,02/09/2025 08:09,02/09/2025 08:04,eufy Baby,eufybaby,Black Friday essentials for new moms: gear up with deals on everything you need for you and baby! ğŸ‘¶ ğŸ”— Link in bio,https://www.instagram.com/p/DC44uxGARDq/,,,,https://d1cdkkfhgor70g.cloudfront.net/DC44uxGARDq?postNativeId=18097873780469654,photo,,,104,91,13,17104,0.006080449,2.693532095156177,2599,0.040015391,0,0
16/06/2025 20:45,02/09/2025 08:09,02/09/2025 08:04,eufy Baby,eufybaby,Setup your eufy breast pump s1 pro! The best part is that itâ€™s heated so you can feel comfortable pumping #eufybaby #momlife #firsttimemom #breastfeeding #breastfeedingtips #breastmilk #momadvice #newmoms #breastfeedingjourney #postpartum,https://www.instagram.com/reel/DK_E_v3xTr8/,,,,https://d1cdkkfhgor70g.cloudfront.net/DK_E_v3xTr8?postNativeId=18018218579664689,reel,,,103,82,21,17104,0.006021983,2.667631554276372,3806,0.027062532842879662,0,0
19/03/2025 12:54,02/09/2025 08:09,02/09/2025 08:04,eufy Baby,eufybaby,"Designed for comfort, convenience, and privacyâ€”experience the eufy Wearable Breast Pump S1 Pro with HeatFlow technology for a gentle skin-like experience. Link in Bio!",https://www.instagram.com/p/DHZEfTLSHJo/,,,,https://d1cdkkfhgor70g.cloudfront.net/DHZEfTLSHJo?postNativeId=18294861118175302,photo,,,100,80,20,17104,0.005846586,2.589930070727957,2902,0.034458994,0,0
16/06/2025 17:31,02/09/2025 08:09,02/09/2025 08:04,eufy Baby,eufybaby,Using the eufy breast pumps s1 pro! The heated pumps has helped me so much in producing more! #pumping #breastfeeding #postpartum #breastpump #boostmilksupply #eufy #eufybaby #mom #momlife #firsttimemom #momtip #eufys1pro,https://www.instagram.com/reel/DK-ukK1SW7_/,,,,https://d1cdkkfhgor70g.cloudfront.net/DK-ukK1SW7_?postNativeId=17972915615857709,reel,,,96,88,8,17104,0.005612722,2.486328417,3653,0.026279770052012045,0,0
27/05/2025 18:26,02/09/2025 08:09,02/09/2025 08:04,eufy Baby,eufybaby,The best heated portable breast pump out there! â¤ï¸ #eufys1pro #eufybaby #momlife #breastfeeding #firsttimemom #breastmilk #breastfeedingtips #breastfeedingjourney #momadvice,https://www.instagram.com/reel/DKLVJ9Gy-Q1/,,,,https://d1cdkkfhgor70g.cloudfront.net/DKLVJ9Gy-Q1?postNativeId=18055909073353153,reel,,,94,70,24,17104,0.00549579,2.4345277295378285,3602,0.026096613,0,0
19/03/2025 12:54,02/09/2025 08:09,02/09/2025 08:04,eufy Baby,eufybaby,"Designed for comfort, convenience, and privacyâ€”experience the eufy Wearable Breast Pump S1 Pro with HeatFlow technology for a gentle skin-like experience. Link in Bio!",https://www.instagram.com/p/DHZEbgPSUso/,,,,https://d1cdkkfhgor70g.cloudfront.net/DHZEbgPSUso?postNativeId=18035570597532821,photo,,,89,84,5,17104,0.005203461,2.3050264160396265,2234,0.039838854,0,0
29/08/2024 11:24,02/09/2025 08:09,02/09/2025 08:04,eufy Baby,eufybaby,Pump warm for a better flow with the S1 Pro ğŸ¥° Click the link in the bio to learn more ğŸ“¸ rydersinmotion,https://www.instagram.com/p/C_QxkBnxUnu/,,,,https://d1cdkkfhgor70g.cloudfront.net/C_QxkBnxUnu?postNativeId=18038837384018894,photo,,,89,83,6,17104,0.005203461,2.3050264160396265,2246,0.039626002,1,0
29/06/2025 23:46,02/09/2025 08:09,02/09/2025 08:04,eufy Baby,eufybaby,I deserve to get this because I donâ€™t want to deal with mastitis anymore ğŸ¥¹ #eufybaby #momlife #firsttimemom #breastfeeding #breastmilk #breastfeedingtips #breastfeedingjourney #newmoms,https://www.instagram.com/reel/DLg4DB7uk2y/,,,,https://d1cdkkfhgor70g.cloudfront.net/DLg4DB7uk2y?postNativeId=17954882126968089,reel,,,86,74,12,17104,0.005028064,2.2273259061179758,3414,0.025190392501464556,0,0
10/03/2025 08:14,02/09/2025 08:09,02/09/2025 08:04,eufy Baby,eufybaby,"Planes, trains, and automobilesâ€”your eufy Breast Pump is the perfect travel companion! âœˆï¸ğŸš—ğŸ¼ Comfort and convenience on the go. ğŸ‘‰ https://eufyofficial.com/Solar25",https://www.instagram.com/p/DHBZQGXuTEv/,,,,https://d1cdkkfhgor70g.cloudfront.net/DHBZQGXuTEv?postNativeId=18107260321431816,photo,,,83,69,14,17104,0.004852666,2.1496256048282505,2422,0.034269199,0,0
29/01/2025 12:04,02/09/2025 08:09,02/09/2025 08:04,eufy Baby,eufybaby,What the Experts Say... ğŸ¼âœ¨ How does Heatflowâ„¢ technology help boost milk output? Letâ€™s find out! ğŸ”¥ $70 OFF the eufy S1 Pro today! ğŸ’¥ ğŸ”— Link in bio #eufypump #eufybreastpump #eufyheatedpump,https://www.instagram.com/p/DFazvjoukfF/,,,,https://d1cdkkfhgor70g.cloudfront.net/DFazvjoukfF?postNativeId=18282013990216314,photo,,,83,72,11,17104,0.004852666,2.1496256048282505,2246,0.036954586,0,0
14/08/2024 18:20,02/09/2025 08:09,02/09/2025 08:04,eufy Baby,eufybaby,"Motherhood is all about nurturing the bond that grows with each feeding. When I canâ€™t feed directly, the eufy Wearable Breast Pump S1 Pro ensures my baby still gets the best. ğŸ’•ğŸ‘¶",https://www.instagram.com/reel/C-q5Sa_STpz/,,,,https://d1cdkkfhgor70g.cloudfront.net/C-q5Sa_STpz?postNativeId=18450719053044410,reel,,,82,79,3,17104,0.0047942,2.123725550760847,3353,0.024455711,0,0
21/05/2024 03:46,02/09/2025 08:09,02/09/2025 08:04,eufy Baby,eufybaby,"Unboxing the eufy Wearable Breast Pump ğŸ“¦ ğŸŒŸ The World's First Wearable Breast Pump With Heating ğŸŒŸ ğŸ”‹ Industry-Leading Charging Case for Pumping Anywhere ğŸ›‹ï¸ Optimal Comfort, Maximized Output ğŸ“± Smart Pumping, Tailored for You with the eufy Baby app ğŸ¤« Whisper-Quiet Pumping for Your Privacy ğŸ§¼ 4 Parts Only, Easy to Wash Pump Warm for a Better Flow Learn more via link in bio",https://www.instagram.com/reel/C7OdoUTKPEa/,,,,https://d1cdkkfhgor70g.cloudfront.net/C7OdoUTKPEa?postNativeId=18029178335065402,reel,,,82,71,11,17104,0.0047942,2.123725550760847,3417,0.023997659,0,0
28/11/2024 08:20,02/09/2025 08:09,02/09/2025 08:04,eufy Baby,eufybaby,"Unboxing the eufy Wearable Breast Pump S1 Pro! ğŸ¼ğŸ‘€ ğŸ”— Link in bio The only pump with built-in heating for comfort & better milk flow, plus hands-free, smart features via the eufy Baby app. ğŸ“± Discreet, quiet, and perfect for on-the-go moms! BIG Black Friday savings now! ğŸ›ï¸",https://www.instagram.com/reel/DC6wzlEBxUr/,,,,https://d1cdkkfhgor70g.cloudfront.net/DC6wzlEBxUr?postNativeId=18043862375129626,reel,,,80,65,15,17104,0.004677268,2.0719255121696105,3265,0.024502297,0,0
01/07/2024 12:28,02/09/2025 08:09,02/09/2025 08:04,eufy Baby,eufybaby,"Why pump and store milk? ğŸ¼ For convenience, freedom, and always having the best for baby on hand. ğŸ’™ #MomLife #Breastfeeding",https://www.instagram.com/reel/C849wWqAKPh/,,,,https://d1cdkkfhgor70g.cloudfront.net/C849wWqAKPh?postNativeId=18028385209969289,reel,,,80,69,11,17104,0.004677268,2.0719255121696105,3352,0.023866348,0,0
21/12/2024 04:43,02/09/2025 08:09,02/09/2025 08:04,eufy Baby,eufybaby,"Effortless pumping made simple with the eufy Wearable Breast Pump, S1! ğŸ¤±âœ¨ Designed for comfort, efficiency, and discretion, itâ€™s a game-changer for moms. ğŸ’– _thatmillennialmom_",https://www.instagram.com/reel/DD1mS_JMM-W/,,,,https://d1cdkkfhgor70g.cloudfront.net/DD1mS_JMM-W?postNativeId=18079368193585908,reel,,,79,68,11,17104,0.004618803,2.0460255276457158,3228,0.024473358116480794,0,0
16/12/2024 06:56,02/09/2025 08:09,02/09/2025 08:04,eufy Baby,eufybaby,"Designed for comfort, convenience, and privacyâ€”experience the eufy Wearable Breast Pump S1 Pro with HeatFlowâ„¢ technology for a gentle, skin-like experience. ğŸŒ¸ Discreet and portable, itâ€™s your perfect companion for pumping on the go. ğŸ“¹ daja.monique_",https://www.instagram.com/reel/DDo9ea-oHg8/,,,,https://d1cdkkfhgor70g.cloudfront.net/DDo9ea-oHg8?postNativeId=18052235833995021,reel,,,77,70,7,17104,0.004501871,1.9942256281412158,3224,0.023883374689826303,1,0
02/09/2024 10:03,02/09/2025 08:09,02/09/2025 08:04,eufy Baby,eufybaby,"Pump anywhere, anytime! ğŸ¥° Discreet, comfy, and with HeatFlow tech for better milk flow. The portable charging case makes it perfect for moms on the move! ğŸ’¼ Click the link in bio to learn more! #MomOnTheGo #breastfeedingtips",https://www.instagram.com/p/C_a7dbFirgx/,,,,https://d1cdkkfhgor70g.cloudfront.net/C_a7dbFirgx?postNativeId=18138408895351779,photo,,,77,71,6,17104,0.004501871,1.9942256281412158,1928,0.039937759,0,0
17/09/2024 10:30,02/09/2025 08:09,02/09/2025 08:04,eufy Baby,eufybaby,Pump warm for a better flow with the S1 Pro ğŸ¥° Click the link in the bio to learn more ğŸ“¸ - imamamamaria,https://www.instagram.com/p/DABmextotwH/,,,,https://d1cdkkfhgor70g.cloudfront.net/DABmextotwH?postNativeId=18051802927882412,photo,,,72,63,9,17104,0.004209542,1.8647262850477102,1904,0.037815126050420166,1,0
27/12/2024 09:04,02/09/2025 08:09,02/09/2025 08:04,eufy Baby,eufybaby,"Breast pumping made easy with eufy Baby! ğŸ¤± The eufy Wearable Breast Pump transforms the way you pumpâ€”comfort, convenience, and confidence all in one. lalactaion",https://www.instagram.com/reel/DEFg503P95f/,,,,https://d1cdkkfhgor70g.cloudfront.net/DEFg503P95f?postNativeId=17994106502744379,reel,,,70,62,8,17104,0.00409261,1.812926710076751,3023,0.023155805491233875,0,0
31/05/2024 20:31,02/09/2025 08:09,02/09/2025 08:04,eufy Baby,eufybaby,"Maximize Your Milk Output with Safe, Hospital-Grade Suction of up to 290 mmHg ğŸ’ª Customize Suction Strength and Cycle Speed to Suit Your Unique Needs ğŸ”„ Rest Assured: All Skin and Milk-Contact Components Crafted from BPA-Free, Food-Grade Materials ğŸ¼ Fine-Tune Your Pumping Rhythm with the eufy Baby App for a Personalized Session ğŸµ Control Your Pump Remotely for a Convenient, Hands-Free Experience ğŸ“² eufy Wearable Breast Pump S1 Pro ğŸ’¥ ğŸ‘‰ https://eufyofficial.com/Flow",https://www.instagram.com/reel/C7qAmRFMM5E/,,,,https://d1cdkkfhgor70g.cloudfront.net/C7qAmRFMM5E?postNativeId=18018460271339823,reel,,,66,56,10,17104,0.003858746,1.7093278383045099,2930,0.022525597269624574,0,0
05/05/2025 12:39,02/09/2025 08:09,02/09/2025 08:04,eufy Baby,eufybaby,"Meet the Heated Wearable Breast Pump E20! Small comfort, Efficient results. Made for moms on the move! The perfect Motherâ€™s Day Gift! ğŸ“Œ Link in Bio! #breastmilk #breastpump #mothersday #mothersdaygifts #portablepump #firsttimemom",https://www.instagram.com/p/DJSEGnjSr-k/,,,,https://d1cdkkfhgor70g.cloudfront.net/DJSEGnjSr-k?postNativeId=18124550098449034,photo,,,65,58,7,17104,0.003800281,1.683428178313284,1702,0.038190364277320796,0,0
18/11/2024 09:48,02/09/2025 08:09,02/09/2025 08:04,eufy Baby,eufybaby,"Pump smarter, not harder! ğŸ’ª The eufy Wearable Breast Pump S1 Pro is a total game-changer. ğŸ‘œâœ¨ Hands-free, portable, and designed for moms on the move! ğŸ’• ğŸ”— Link in Bio #MomLife #BreastfeedingJourney #eufy #blackfriday",https://www.instagram.com/reel/DChKuhkgikG/,,,,https://d1cdkkfhgor70g.cloudfront.net/DChKuhkgikG?postNativeId=18035842673517368,reel,,,61,55,6,17104,0.003566417,1.5798297701547848,2771,0.022013713,0,0
19/07/2024 09:14,02/09/2025 08:09,02/09/2025 08:04,eufy Baby,eufybaby,"A motherâ€™s love is instinctual and unconditional, rushing to her babyâ€™s cry with tenderness and care ğŸ’•ğŸ‘¶",https://www.instagram.com/reel/C9m-B0HoEpD/,,,,https://d1cdkkfhgor70g.cloudfront.net/C9m-B0HoEpD?postNativeId=18320398426199774,reel,,,59,58,1,17104,0.003449486,1.5280307051589417,2755,0.021415607985480943,0,0
19/03/2025 12:54,02/09/2025 08:09,02/09/2025 08:04,eufy Baby,eufybaby,"Designed for comfort, convenience, and privacyâ€”experience the eufy Wearable Breast Pump S1 Pro with HeatFlow technology for a gentle skin-like experience. Link in Bio!",https://www.instagram.com/p/DHZEdqqSEu-/,,,,https://d1cdkkfhgor70g.cloudfront.net/DHZEdqqSEu-?postNativeId=18062503873954753,photo,,,58,55,3,17104,0.00339102,1.502131207431763,1444,0.040166205,0,0
09/05/2025 11:22,02/09/2025 08:09,02/09/2025 08:04,eufy Baby,eufybaby,"ğŸ‰ Itâ€™s officially time for our Motherâ€™s Day Sale! From April 28th-May 11th, treat yourself to smoother days and stress-free pumping ğŸ’– Get up to $60 off our award-winning EufyBaby Heated Breast Pump and more! ğŸ¼ ğŸ”— Check out the savings: [LINK IN BIO]",https://www.instagram.com/p/DJcOdQUyUBT/,,,,https://d1cdkkfhgor70g.cloudfront.net/DJcOdQUyUBT?postNativeId=17850772014450537,carousel,,,56,33,23,17104,0.003274088,1.450332281518736,2444,0.022913256955810146,0,0
30/06/2025 16:01,02/09/2025 08:09,02/09/2025 08:04,eufy Baby,eufybaby,Itâ€™s so important to have lots of protein but it also helps that the breast pump is heated ğŸ‘ğŸ» #eufybaby #momlife #firsttimemom #breastfeeding #breastmilk #breastfeedingtips #breastfeedingjourney #newmoms,https://www.instagram.com/reel/DLinoldByaO/,,,,https://d1cdkkfhgor70g.cloudfront.net/DLinoldByaO?postNativeId=18409438936101529,reel,,,55,54,1,17104,0.003215622,1.4244328533328248,2516,0.021860095389507155,0,0
29/11/2024 11:41,02/09/2025 08:09,02/09/2025 08:04,eufy Baby,eufybaby,Black Friday must-haves for new parents! ğŸ¼ğŸ‘¶ Save BIG on our top-rated breast pumps and baby monitors. Click the link in our bio! ğŸ”—,https://www.instagram.com/p/DC9suImg_su/,,,,https://d1cdkkfhgor70g.cloudfront.net/DC9suImg_su?postNativeId=18043749878473888,carousel,,,55,42,13,17104,0.003215622,1.4244328533328248,1827,0.030103996,0,0
06/06/2024 09:58,02/09/2025 08:09,02/09/2025 08:04,eufy Baby,eufybaby,A motherâ€™s love for her baby is unmatched and beyond words ğŸ’– #Breastfeeding,https://www.instagram.com/reel/C74U-fPsyuD/,,,,https://d1cdkkfhgor70g.cloudfront.net/C74U-fPsyuD?postNativeId=18247844830246973,reel,,,53,47,6,17104,0.00309869,1.3726340665020529,2440,0.021721311475409837,0,0
17/06/2025 14:35,02/09/2025 08:09,02/09/2025 08:04,eufy Baby,eufybaby,ğŸ‰ Win a FREE eufy Breast Pump E20! Link in Bio! Join our live today at 7pm CST,https://www.instagram.com/p/DLA_hngTvyY/,,,,https://d1cdkkfhgor70g.cloudfront.net/DLA_hngTvyY?postNativeId=17916180444100270,carousel,,,52,46,6,17104,0.003040225,1.3467347078571295,1604,0.032418952618453865,0,0
26/06/2025 17:02,02/09/2025 08:09,02/09/2025 08:04,eufy Baby,eufybaby,"ğŸ‰ Win a FREE eufy Breast Pump S1! Weâ€™re going LIVE with Rebekah Scroggy, BSN, RN, IBCLC to answer your biggest breastfeeding questions â€” from latching tips to boosting milk supply! ğŸ¼ğŸ’¬ ğŸ—“ï¸ Thursday, July 3rd @ 7 PM (CT) ğŸ¥ Donâ€™t miss your chance to learn from a certified expert AND enter to win a top-rated eufy breast pump! ğŸ‘‡ Comment below and tell us â€” What are you most curious about when it comes to breastfeeding or pumping? Your question might be answered live! ğŸ’¡ LINK IN BIO",https://www.instagram.com/p/DLYbivGyBkk/,,,,https://d1cdkkfhgor70g.cloudfront.net/DLYbivGyBkk?postNativeId=17875193346265774,photo,,,50,37,13,17104,0.002923293,1.2949360601080526,1807,0.027670172,1,1
